<?xml version="1.0" encoding="UTF-8"?>
<!DOCTYPE suite SYSTEM "https://testng.org/testng-1.0.dtd">
<suite name="zeroBankSuite">
	<test thread-count="5" name="zeroBankTest">

		<groups>
			<run>
				<exclude name="Smoke" />
				<include name="Regression" />
			</run>
		</groups>


		<classes>
			<class name="com.zerobank.qa.testcase.AccountSummaryPageTest" />
			<class name="com.zerobank.qa.testcase.FundTransferPageTest" />
			<class name="com.zerobank.qa.testcase.HomePageTest" />
			<class name="com.zerobank.qa.testcase.LoginPageTest" />
			<class
				name="com.zerobank.qa.testcase.PurchaseForeignCurrencyTest" />
		</classes>

	</test> <!-- zeroBankTest -->
</suite> <!-- zeroBankSuite -->
